language,filename,blank,comment,code,"github.com/AlDanial/cloc v 1.98  T=0.53 s (860.3 files/s 106278.3 lines/s)"
Markdown,tmp/goal-assessment/src-v0.60.0-rc.1/docs/goal/new_design.md,495,0,2097
Markdown,tmp/goal-assessment/src-v0.60.0-rc.1/.agents/skills/autoresearch/references/security-workflow.md,257,0,879
Ruby,tmp/goal-assessment/src-v0.60.0-rc.1/spec/integration/spec/configuration_spec.rb,145,2,792
Markdown,tmp/goal-assessment/src-v0.60.0-rc.1/.agents/skills/autoresearch/references/autonomous-loop-protocol.md,208,0,682
Markdown,tmp/goal-assessment/src-v0.60.0-rc.1/.agents/skills/autoresearch/SKILL.md,181,0,635
Markdown,tmp/goal-assessment/src-v0.60.0-rc.1/.agents/skills/autoresearch/references/fix-workflow.md,199,0,588
Markdown,tmp/goal-assessment/src-v0.60.0-rc.1/.agents/skills/autoresearch/references/predict-workflow.md,195,0,556
Markdown,tmp/goal-assessment/src-v0.60.0-rc.1/.agents/skills/autoresearch/references/reason-workflow.md,146,0,472
Go,tmp/goal-assessment/src-v0.60.0-rc.1/internal/railsinit/railsinit.go,94,42,448
Go,tmp/goal-assessment/src-v0.60.0-rc.1/runner_test.go,101,69,445
Markdown,tmp/goal-assessment/src-v0.60.0-rc.1/.agents/skills/autoresearch/references/learn-workflow.md,148,0,444
Markdown,tmp/goal-assessment/src-v0.60.0-rc.1/.agents/skills/autoresearch/references/debug-workflow.md,144,0,431
Markdown,tmp/goal-assessment/src-v0.60.0-rc.1/.agents/skills/autoresearch/references/ship-workflow.md,124,0,398
Go,tmp/goal-assessment/src-v0.60.0-rc.1/main.go,67,20,396
Go,tmp/goal-assessment/src-v0.60.0-rc.1/runner.go,68,27,394
Go,tmp/goal-assessment/src-v0.60.0-rc.1/internal/railsinit/railsinit_test.go,92,1,386
Go,tmp/goal-assessment/src-v0.60.0-rc.1/watch_find.go,54,3,377
Go,tmp/goal-assessment/src-v0.60.0-rc.1/framework/minitest/parser_test.go,75,34,373
Markdown,tmp/goal-assessment/src-v0.60.0-rc.1/docs/configuration-test-cases.md,130,0,355
Markdown,tmp/goal-assessment/src-v0.60.0-rc.1/.agents/skills/autoresearch/references/scenario-workflow.md,116,0,345
Go,tmp/goal-assessment/src-v0.60.0-rc.1/watch/processor_test.go,63,54,345
Go,tmp/goal-assessment/src-v0.60.0-rc.1/internal/kongtoml/kongtoml_test.go,55,55,344
Markdown,tmp/goal-assessment/src-v0.60.0-rc.1/.agents/skills/autoresearch/references/plan-workflow.md,100,0,339
Ruby,tmp/goal-assessment/src-v0.60.0-rc.1/spec/integration/spec/runtime_tracking_spec.rb,71,5,337
Markdown,tmp/goal-assessment/src-v0.60.0-rc.1/docs/plans/2026-05-12-rspec-split-specs-experimental-plan.md,108,0,336
Markdown,tmp/goal-assessment/src-v0.60.0-rc.1/docs/plans/2026-03-09-exclude-pattern-cli-implementation-plan.md,125,0,323
Markdown,tmp/goal-assessment/src-v0.60.0-rc.1/.agents/skills/autoresearch/references/probe-workflow.md,130,0,319
Markdown,tmp/goal-assessment/src-v0.60.0-rc.1/docs/configuration.md,112,0,309
Markdown,tmp/goal-assessment/src-v0.60.0-rc.1/docs/superpowers/plans/2026-05-23-watch-plan-parity.md,110,0,305
Ruby,tmp/goal-assessment/src-v0.60.0-rc.1/spec/integration/rails/rails_init_spec.rb,55,0,305
Ruby,tmp/goal-assessment/src-v0.60.0-rc.1/spec/integration/spec/json_rows_formatter_spec.rb,56,5,303
Go,tmp/goal-assessment/src-v0.60.0-rc.1/internal/kongtoml/kongtoml.go,34,9,289
Go,tmp/goal-assessment/src-v0.60.0-rc.1/cmd_watch.go,44,17,283
Go,tmp/goal-assessment/src-v0.60.0-rc.1/watch/watcher_test.go,63,31,276
Go,tmp/goal-assessment/src-v0.60.0-rc.1/internal/testruntime/cache_test.go,57,7,275
Markdown,tmp/goal-assessment/src-v0.60.0-rc.1/docs/architecture/runner-jobs-rfc.md,48,0,270
Go,tmp/goal-assessment/src-v0.60.0-rc.1/watch/tokens_test.go,15,30,270
Markdown,tmp/goal-assessment/src-v0.60.0-rc.1/docs/architecture/plur-watch-architecture.md,60,0,267
Go,tmp/goal-assessment/src-v0.60.0-rc.1/logger/logger_test.go,74,35,263
Go,tmp/goal-assessment/src-v0.60.0-rc.1/watch/file_event_handler_test.go,48,12,262
Go,tmp/goal-assessment/src-v0.60.0-rc.1/benchmark_test.go,43,37,259
Ruby,tmp/goal-assessment/src-v0.60.0-rc.1/spec/integration/spec/rails_rake_spec.rb,55,3,251
Go,tmp/goal-assessment/src-v0.60.0-rc.1/watch/watcher.go,52,46,250
Go,tmp/goal-assessment/src-v0.60.0-rc.1/internal/runtime/config_test.go,37,0,247
Bourne Shell,tmp/goal-assessment/src-v0.60.0-rc.1/install.sh,52,30,242
Ruby,tmp/goal-assessment/src-v0.60.0-rc.1/lib/plur/benchmark.rb,52,6,242
Go,tmp/goal-assessment/src-v0.60.0-rc.1/internal/testruntime/splitter_test.go,25,16,240
Go,tmp/goal-assessment/src-v0.60.0-rc.1/internal/runtime/defaults.go,36,10,237
Go,tmp/goal-assessment/src-v0.60.0-rc.1/internal/watchsession/session_test.go,58,50,233
Markdown,tmp/goal-assessment/src-v0.60.0-rc.1/docs/output-contracts.md,47,0,231
Ruby,tmp/goal-assessment/src-v0.60.0-rc.1/gemfiles/rspec_3.13.1.gemfile.lock,4,0,231
Ruby,tmp/goal-assessment/src-v0.60.0-rc.1/gemfiles/rspec_3.13.2.gemfile.lock,4,0,231
Ruby,tmp/goal-assessment/src-v0.60.0-rc.1/script/cli-inventory,22,1,223
Go,tmp/goal-assessment/src-v0.60.0-rc.1/internal/testruntime/cache.go,26,40,216
Go,tmp/goal-assessment/src-v0.60.0-rc.1/framework/minitest/parser.go,39,34,215
Go,tmp/goal-assessment/src-v0.60.0-rc.1/internal/fileset/fileset_test.go,46,44,208
Markdown,tmp/goal-assessment/src-v0.60.0-rc.1/CHANGELOG.md,83,0,207
Go,tmp/goal-assessment/src-v0.60.0-rc.1/runner_rspec_split_test.go,39,13,205
Markdown,tmp/goal-assessment/src-v0.60.0-rc.1/docs/goal/current_design.md,40,0,200
Ruby,tmp/goal-assessment/src-v0.60.0-rc.1/spec/integration/spec/general_integration_spec.rb,54,12,200
Markdown,tmp/goal-assessment/src-v0.60.0-rc.1/docs/plans/2026-05-22-runtime-cache-measurement-results.md,88,0,198
Ruby,tmp/goal-assessment/src-v0.60.0-rc.1/spec/integration/spec/exclude_pattern_spec.rb,26,3,198
Go,tmp/goal-assessment/src-v0.60.0-rc.1/framework/rspec/parser.go,31,19,197
Go,tmp/goal-assessment/src-v0.60.0-rc.1/internal/testruntime/tracker_test.go,29,0,195
YAML,tmp/goal-assessment/src-v0.60.0-rc.1/.circleci/config.yml,7,0,193
Go,tmp/goal-assessment/src-v0.60.0-rc.1/cmd_doctor.go,26,23,192
Markdown,tmp/goal-assessment/src-v0.60.0-rc.1/docs/superpowers/specs/2026-04-02-runtime-config-boundary-design.md,92,0,191
Go,tmp/goal-assessment/src-v0.60.0-rc.1/test_collector_test.go,32,24,191
Markdown,tmp/goal-assessment/src-v0.60.0-rc.1/docs/goal/t18_score_card.md,30,0,187
Markdown,tmp/goal-assessment/src-v0.60.0-rc.1/docs/goal/t58_score_card.md,46,0,186
Go,tmp/goal-assessment/src-v0.60.0-rc.1/main_test.go,40,0,183
Go,tmp/goal-assessment/src-v0.60.0-rc.1/watch/watch_mapping_test.go,12,15,183
Go,tmp/goal-assessment/src-v0.60.0-rc.1/cmd_spec.go,32,1,182
Markdown,tmp/goal-assessment/src-v0.60.0-rc.1/docs/goal/t47_score_card.md,46,0,181
Ruby,tmp/goal-assessment/src-v0.60.0-rc.1/framework/rspec/formatter.rb,31,19,178
Ruby,tmp/goal-assessment/src-v0.60.0-rc.1/lib/plur/docker_install.rb,36,13,177
Go,tmp/goal-assessment/src-v0.60.0-rc.1/result.go,25,31,173
Markdown,tmp/goal-assessment/src-v0.60.0-rc.1/docs/goal/t22_score_card.md,37,0,171
Go,tmp/goal-assessment/src-v0.60.0-rc.1/internal/fileset/fileset.go,20,11,171
Markdown,tmp/goal-assessment/src-v0.60.0-rc.1/CLAUDE.md,53,0,160
Ruby,tmp/goal-assessment/src-v0.60.0-rc.1/spec/integration/spec/framework_selection_spec.rb,27,4,158
Go,tmp/goal-assessment/src-v0.60.0-rc.1/internal/format/duration_test.go,12,8,157
Markdown,tmp/goal-assessment/src-v0.60.0-rc.1/docs/goal/t12_score_card.md,30,0,155
Ruby,tmp/goal-assessment/src-v0.60.0-rc.1/script/bench-git,44,10,155
Ruby,tmp/goal-assessment/src-v0.60.0-rc.1/spec/integration/spec/change_dir_config_spec.rb,31,9,155
Ruby,tmp/goal-assessment/src-v0.60.0-rc.1/spec/integration/watch/watch_config_spec.rb,31,0,154
Markdown,tmp/goal-assessment/src-v0.60.0-rc.1/.agents/skills/autoresearch/references/core-principles.md,54,0,153
Ruby,tmp/goal-assessment/src-v0.60.0-rc.1/spec/integration/doctor/doctor_spec.rb,21,9,150
Markdown,tmp/goal-assessment/src-v0.60.0-rc.1/tracking.md,0,0,150
Go,tmp/goal-assessment/src-v0.60.0-rc.1/utils.go,20,7,149
Bourne Again Shell,tmp/goal-assessment/src-v0.60.0-rc.1/script/ci-host-setup,28,20,147
Go,tmp/goal-assessment/src-v0.60.0-rc.1/internal/runtime/config.go,22,1,146
Ruby,tmp/goal-assessment/src-v0.60.0-rc.1/spec/integration/spec/minitest_integration_spec.rb,21,13,146
Ruby,tmp/goal-assessment/src-v0.60.0-rc.1/spec/support/plur_watch_helper.rb,35,16,145
Ruby,tmp/goal-assessment/src-v0.60.0-rc.1/lib/plur/release.rb,36,3,143
Markdown,tmp/goal-assessment/src-v0.60.0-rc.1/docs/goal/t34_score_card.md,36,0,142
Markdown,tmp/goal-assessment/src-v0.60.0-rc.1/docs/benchmarks/oss-benchmarks.md,54,0,140
Markdown,tmp/goal-assessment/src-v0.60.0-rc.1/docs/goal/t7_score_card.md,30,0,139
Markdown,tmp/goal-assessment/src-v0.60.0-rc.1/docs/goal/t38_score_card.md,33,0,135
Markdown,tmp/goal-assessment/src-v0.60.0-rc.1/docs/goal/cli_goal.md,54,0,134
Go,tmp/goal-assessment/src-v0.60.0-rc.1/framework/minitest/summary_parser_test.go,31,3,134
Markdown,tmp/goal-assessment/src-v0.60.0-rc.1/docs/goal/t42_score_card.md,36,0,132
Markdown,tmp/goal-assessment/src-v0.60.0-rc.1/.agents/skills/autoresearch/references/results-logging.md,40,0,131
Markdown,tmp/goal-assessment/src-v0.60.0-rc.1/docs/plans/2026-03-09-exclude-pattern-cli-design.md,47,0,131
Go,tmp/goal-assessment/src-v0.60.0-rc.1/watch/find_test.go,22,0,130
Go,tmp/goal-assessment/src-v0.60.0-rc.1/watch/planner_test.go,20,0,129
Go,tmp/goal-assessment/src-v0.60.0-rc.1/help.go,19,0,128
Markdown,tmp/goal-assessment/src-v0.60.0-rc.1/docs/plans/2026-04-01-watch-config-merge-override.md,39,0,127
Ruby,tmp/goal-assessment/src-v0.60.0-rc.1/Rakefile,25,8,126
Go,tmp/goal-assessment/src-v0.60.0-rc.1/internal/testruntime/splitter.go,17,24,126
Ruby,tmp/goal-assessment/src-v0.60.0-rc.1/spec/integration/watch/watch_find_json_spec.rb,15,0,125
Ruby,tmp/goal-assessment/src-v0.60.0-rc.1/spec/plur/benchmark_spec.rb,22,0,125
Go,tmp/goal-assessment/src-v0.60.0-rc.1/internal/watchsession/session.go,17,0,122
Markdown,tmp/goal-assessment/src-v0.60.0-rc.1/docs/architecture/test-processing-flow.md,23,0,119
Bourne Again Shell,tmp/goal-assessment/src-v0.60.0-rc.1/script/benchmark-memory,20,6,119
Go,tmp/goal-assessment/src-v0.60.0-rc.1/watch/debouncer_test.go,29,11,119
Markdown,tmp/goal-assessment/src-v0.60.0-rc.1/docs/goal/t30_score_card.md,30,0,118
Go,tmp/goal-assessment/src-v0.60.0-rc.1/internal/testruntime/tracker.go,18,32,117
Ruby,tmp/goal-assessment/src-v0.60.0-rc.1/spec/plur/changelog_spec.rb,49,14,117
Go,tmp/goal-assessment/src-v0.60.0-rc.1/stream_helper.go,23,22,117
Go,tmp/goal-assessment/src-v0.60.0-rc.1/stream_helper_test.go,36,12,117
Markdown,tmp/goal-assessment/src-v0.60.0-rc.1/docs/architecture/runner-jobs-framework.md,22,0,116
Markdown,tmp/goal-assessment/src-v0.60.0-rc.1/docs/goal/t26_score_card.md,35,0,116
Markdown,tmp/goal-assessment/src-v0.60.0-rc.1/docs/goal/t67_score_card.md,36,0,116
Ruby,tmp/goal-assessment/src-v0.60.0-rc.1/spec/integration/spec/help_spec.rb,20,0,116
Ruby,tmp/goal-assessment/src-v0.60.0-rc.1/spec/integration/watch/watch_integration_spec.rb,31,3,116
Go,tmp/goal-assessment/src-v0.60.0-rc.1/result_test.go,14,0,115
Markdown,tmp/goal-assessment/src-v0.60.0-rc.1/docs/goal/t3_score_card.md,23,0,114
Ruby,tmp/goal-assessment/src-v0.60.0-rc.1/spec/integration/spec/stdout_streaming_spec.rb,19,7,114
Go,tmp/goal-assessment/src-v0.60.0-rc.1/grouper_test.go,21,10,112
Go,tmp/goal-assessment/src-v0.60.0-rc.1/logger/logger.go,26,14,112
Go,tmp/goal-assessment/src-v0.60.0-rc.1/grouper.go,21,24,110
Go,tmp/goal-assessment/src-v0.60.0-rc.1/test_collector.go,10,12,110
Markdown,tmp/goal-assessment/src-v0.60.0-rc.1/docs/usage.md,45,0,109
Go,tmp/goal-assessment/src-v0.60.0-rc.1/watch/watcher_manager.go,20,19,109
Go,tmp/goal-assessment/src-v0.60.0-rc.1/complexity_test.go,37,11,107
Ruby,tmp/goal-assessment/src-v0.60.0-rc.1/spec/integration/spec/glob_support_spec.rb,22,7,107
Markdown,tmp/goal-assessment/src-v0.60.0-rc.1/docs/goal/t51_watch_planning_review.md,30,0,106
Ruby,tmp/goal-assessment/src-v0.60.0-rc.1/lib/tasks/vendor.rake,27,16,106
Ruby,tmp/goal-assessment/src-v0.60.0-rc.1/spec/integration/watch/watch_find_spec.rb,20,0,106
Go,tmp/goal-assessment/src-v0.60.0-rc.1/framework/minitest/summary_parser.go,23,20,105
Go,tmp/goal-assessment/src-v0.60.0-rc.1/framework/run_args_test.go,24,0,103
Go,tmp/goal-assessment/src-v0.60.0-rc.1/watch/planner.go,21,0,103
Go,tmp/goal-assessment/src-v0.60.0-rc.1/framework/framework.go,16,12,102
Bourne Again Shell,tmp/goal-assessment/src-v0.60.0-rc.1/script/benchstat,19,6,100
Go,tmp/goal-assessment/src-v0.60.0-rc.1/watch/tokens.go,18,18,100
Go,tmp/goal-assessment/src-v0.60.0-rc.1/framework/target_patterns_test.go,22,13,99
YAML,tmp/goal-assessment/src-v0.60.0-rc.1/mkdocs.yml,7,1,99
Ruby,tmp/goal-assessment/src-v0.60.0-rc.1/spec/integration/spec/parallel_execution_spec.rb,24,20,99
Go,tmp/goal-assessment/src-v0.60.0-rc.1/watch/binary.go,15,10,99
Go,tmp/goal-assessment/src-v0.60.0-rc.1/framework/rspec/parser_test.go,22,0,97
Ruby,tmp/goal-assessment/src-v0.60.0-rc.1/spec/integration/spec/dry_run_plan_spec.rb,18,0,96
Markdown,tmp/goal-assessment/src-v0.60.0-rc.1/docs/goal/t73_score_card.md,37,0,95
Go,tmp/goal-assessment/src-v0.60.0-rc.1/watch/event_admission_test.go,7,0,95
Markdown,tmp/goal-assessment/src-v0.60.0-rc.1/docs/goal/t63_score_card.md,29,0,94
Bourne Again Shell,tmp/goal-assessment/src-v0.60.0-rc.1/script/docs,27,11,94
Ruby,tmp/goal-assessment/src-v0.60.0-rc.1/spec/integration/spec/output_spec.rb,23,10,93
Go,tmp/goal-assessment/src-v0.60.0-rc.1/watch/file_event_handler.go,17,5,93
Markdown,tmp/goal-assessment/src-v0.60.0-rc.1/docs/architecture/go-concurrency-and-data-structures-review.md,61,0,90
Markdown,tmp/goal-assessment/src-v0.60.0-rc.1/docs/goal/restart_state.md,29,0,90
Ruby,tmp/goal-assessment/src-v0.60.0-rc.1/spec/integration/init/config_init_spec.rb,24,4,87
Ruby,tmp/goal-assessment/src-v0.60.0-rc.1/spec/integration/spec/flexible_argument_ordering_spec.rb,21,0,87
Markdown,tmp/goal-assessment/src-v0.60.0-rc.1/docs/benchmarks/how-to-benchmark-oss.md,32,0,86
Bourne Again Shell,tmp/goal-assessment/src-v0.60.0-rc.1/script/bench-rspec-subprojects,26,14,86
Ruby,tmp/goal-assessment/src-v0.60.0-rc.1/spec/integration/spec/error_handling_spec.rb,21,6,86
Ruby,tmp/goal-assessment/src-v0.60.0-rc.1/spec/integration/spec/trace_output_spec.rb,13,1,86
Go,tmp/goal-assessment/src-v0.60.0-rc.1/types/notifications.go,24,15,86
Python,tmp/goal-assessment/src-v0.60.0-rc.1/docs/generate_pages_list.py,30,32,85
HTML,tmp/goal-assessment/src-v0.60.0-rc.1/fixtures/projects/default-rails/public/400.html,28,1,85
HTML,tmp/goal-assessment/src-v0.60.0-rc.1/fixtures/projects/default-rails/public/404.html,28,1,85
HTML,tmp/goal-assessment/src-v0.60.0-rc.1/fixtures/projects/default-rails/public/406-unsupported-browser.html,28,1,85
HTML,tmp/goal-assessment/src-v0.60.0-rc.1/fixtures/projects/default-rails/public/422.html,28,1,85
HTML,tmp/goal-assessment/src-v0.60.0-rc.1/fixtures/projects/default-rails/public/500.html,28,1,85
Go,tmp/goal-assessment/src-v0.60.0-rc.1/watch/processor.go,22,20,85
Ruby,tmp/goal-assessment/src-v0.60.0-rc.1/spec/integration/spec/rspec_args_spec.rb,15,0,84
Go,tmp/goal-assessment/src-v0.60.0-rc.1/config_init.go,21,4,83
Markdown,tmp/goal-assessment/src-v0.60.0-rc.1/README.md,34,0,82
Markdown,tmp/goal-assessment/src-v0.60.0-rc.1/docs/features/watch-mode.md,37,0,82
Ruby,tmp/goal-assessment/src-v0.60.0-rc.1/spec/integration/spec/single_failure_golden_spec.rb,14,7,82
Markdown,tmp/goal-assessment/src-v0.60.0-rc.1/docs/wip/watch-merge-duplicate-name-findings.md,45,0,81
Go,tmp/goal-assessment/src-v0.60.0-rc.1/watch/find.go,14,15,81
Ruby,tmp/goal-assessment/src-v0.60.0-rc.1/script/track-goal,24,1,80
Go,tmp/goal-assessment/src-v0.60.0-rc.1/internal/testruntime/cache_bench_test.go,11,0,79
Ruby,tmp/goal-assessment/src-v0.60.0-rc.1/script/bench,27,6,78
Markdown,tmp/goal-assessment/src-v0.60.0-rc.1/docs/development/kong-cli-patterns.md,27,0,76
Ruby,tmp/goal-assessment/src-v0.60.0-rc.1/spec/integration/spec/pending_output_spec.rb,14,7,73
Markdown,tmp/goal-assessment/src-v0.60.0-rc.1/docs/development/release-process.md,36,0,70
YAML,tmp/goal-assessment/src-v0.60.0-rc.1/.goreleaser.yml,19,22,69
Ruby,tmp/goal-assessment/src-v0.60.0-rc.1/fixtures/projects/testunit-failures/test/bank_account_test.rb,17,5,69
Ruby,tmp/goal-assessment/src-v0.60.0-rc.1/spec/integration/spec/turbo_tests_migration_spec.rb,17,1,68
Markdown,tmp/goal-assessment/src-v0.60.0-rc.1/docs/development/rails-init.md,46,0,67
Go,tmp/goal-assessment/src-v0.60.0-rc.1/config/config.go,11,5,66
Markdown,tmp/goal-assessment/src-v0.60.0-rc.1/docs/features/parallel-execution.md,21,0,66
Ruby,tmp/goal-assessment/src-v0.60.0-rc.1/spec/integration/spec/framework_output_spec.rb,13,0,66
Markdown,tmp/goal-assessment/src-v0.60.0-rc.1/docs/README.md,25,0,65
Ruby,tmp/goal-assessment/src-v0.60.0-rc.1/spec/integration/watch/watch_spec.rb,17,2,65
YAML,tmp/goal-assessment/src-v0.60.0-rc.1/fixtures/backspin/plur_doctor_golden.yml,11,0,64
Text,tmp/goal-assessment/src-v0.60.0-rc.1/spec/fixtures/rspec_colorized_output.txt,11,0,64
Ruby,tmp/goal-assessment/src-v0.60.0-rc.1/spec/spec_helper.rb,15,4,64
JSON,tmp/goal-assessment/src-v0.60.0-rc.1/.claude/settings.json,0,0,63
Go,tmp/goal-assessment/src-v0.60.0-rc.1/watch/execution_plan.go,10,0,61
Markdown,tmp/goal-assessment/src-v0.60.0-rc.1/docs/getting-started.md,28,0,59
Markdown,tmp/goal-assessment/src-v0.60.0-rc.1/docs/goal/t75_score_card.md,23,0,59
Markdown,tmp/goal-assessment/src-v0.60.0-rc.1/docs/wip/open-pr-triage.md,31,0,59
Ruby,tmp/goal-assessment/src-v0.60.0-rc.1/spec/integration/spec/cli_inventory_spec.rb,9,0,59
YAML,tmp/goal-assessment/src-v0.60.0-rc.1/.buildkite/pipeline.yml,4,0,58
TOML,tmp/goal-assessment/src-v0.60.0-rc.1/internal/runtime/defaults.toml,14,13,58
Ruby,tmp/goal-assessment/src-v0.60.0-rc.1/script/release,17,2,58
Ruby,tmp/goal-assessment/src-v0.60.0-rc.1/fixtures/projects/minitest-failures/test/mixed_results_test.rb,16,5,57
Go,tmp/goal-assessment/src-v0.60.0-rc.1/framework/run_args.go,11,4,57
Bourne Again Shell,tmp/goal-assessment/src-v0.60.0-rc.1/script/check-links,10,9,56
Go,tmp/goal-assessment/src-v0.60.0-rc.1/internal/format/duration.go,17,8,55
Go,tmp/goal-assessment/src-v0.60.0-rc.1/watch/watch_mapping.go,8,6,54
Go,tmp/goal-assessment/src-v0.60.0-rc.1/cmd_rails_rake.go,14,18,52
Ruby,tmp/goal-assessment/src-v0.60.0-rc.1/spec/integration/watch/watch_reload_spec.rb,11,0,52
Ruby,tmp/goal-assessment/src-v0.60.0-rc.1/spec/plur/release_spec.rb,14,1,52
Ruby,tmp/goal-assessment/src-v0.60.0-rc.1/fixtures/projects/testunit-failures/test/string_parser_test.rb,13,5,50
Ruby,tmp/goal-assessment/src-v0.60.0-rc.1/fixtures/projects/testunit-success/test/date_helper_test.rb,11,3,50
Go,tmp/goal-assessment/src-v0.60.0-rc.1/internal/testruntime/run_kind.go,7,26,50
Markdown,tmp/goal-assessment/src-v0.60.0-rc.1/script/README.md,25,0,50
Ruby,tmp/goal-assessment/src-v0.60.0-rc.1/spec/integration/watch/multi_watcher_spec.rb,15,12,50
Ruby,tmp/goal-assessment/src-v0.60.0-rc.1/fixtures/projects/default-ruby/spec/counter_spec.rb,8,0,48
Go,tmp/goal-assessment/src-v0.60.0-rc.1/internal/buildinfo/buildinfo.go,9,5,48
Go,tmp/goal-assessment/src-v0.60.0-rc.1/job/job.go,10,23,48
Go,tmp/goal-assessment/src-v0.60.0-rc.1/internal/buildinfo/buildinfo_test.go,11,7,46
Ruby,tmp/goal-assessment/src-v0.60.0-rc.1/script/install-plur-docker,12,5,46
Ruby,tmp/goal-assessment/src-v0.60.0-rc.1/spec/support/plur_home_helper.rb,6,9,46
Ruby,tmp/goal-assessment/src-v0.60.0-rc.1/fixtures/projects/minitest-success/test/calculator_test.rb,10,0,45
Ruby,tmp/goal-assessment/src-v0.60.0-rc.1/spec/docs/output_contracts_doc_spec.rb,4,0,44
Ruby,tmp/goal-assessment/src-v0.60.0-rc.1/spec/integration/watch/watch_ignore_spec.rb,11,1,44
Go,tmp/goal-assessment/src-v0.60.0-rc.1/framework/rspec/json_output.go,5,6,43
Ruby,tmp/goal-assessment/src-v0.60.0-rc.1/spec/integration/spec/performance_spec.rb,12,3,43
Ruby,tmp/goal-assessment/src-v0.60.0-rc.1/spec/integration/spec/runner_jobs_integration_spec.rb,7,0,43
Ruby,tmp/goal-assessment/src-v0.60.0-rc.1/spec/support/fixture_runner.rb,10,14,43
Ruby,tmp/goal-assessment/src-v0.60.0-rc.1/spec/plur/plur_watch_helper_spec.rb,12,0,42
YAML,tmp/goal-assessment/src-v0.60.0-rc.1/.github/workflows/release.yml,7,0,40
Ruby,tmp/goal-assessment/src-v0.60.0-rc.1/fixtures/projects/minitest-reporters/test/calculator_test.rb,10,0,40
Ruby,tmp/goal-assessment/src-v0.60.0-rc.1/spec/integration/spec/fixture_projects_spec.rb,10,2,40
Ruby,tmp/goal-assessment/src-v0.60.0-rc.1/fixtures/projects/default-ruby/spec/validator_spec.rb,9,0,39
Bourne Again Shell,tmp/goal-assessment/src-v0.60.0-rc.1/script/lint,6,0,39
Ruby,tmp/goal-assessment/src-v0.60.0-rc.1/spec/integration/spec/single_failure_spec.rb,10,4,39
Go,tmp/goal-assessment/src-v0.60.0-rc.1/watch/debouncer.go,11,9,39
YAML,tmp/goal-assessment/src-v0.60.0-rc.1/.github/workflows/claude-code-review.yml,11,9,37
YAML,tmp/goal-assessment/src-v0.60.0-rc.1/.github/workflows/claude.yml,9,14,37
YAML,tmp/goal-assessment/src-v0.60.0-rc.1/fixtures/backspin/pending_output_comparison.yml,0,0,37
Ruby,tmp/goal-assessment/src-v0.60.0-rc.1/fixtures/projects/testunit-success/test/math_operations_test.rb,6,0,37
Ruby,tmp/goal-assessment/src-v0.60.0-rc.1/fixtures/projects/default-rails/spec/models/user_spec.rb,7,0,36
Ruby,tmp/goal-assessment/src-v0.60.0-rc.1/fixtures/projects/minitest-failures/test/array_operations_test.rb,10,3,36
Ruby,tmp/goal-assessment/src-v0.60.0-rc.1/spec/integration/watch/mismatched_dirs_spec.rb,18,6,36
Markdown,tmp/goal-assessment/src-v0.60.0-rc.1/docs/features/doctor-command.md,12,0,35
Ruby,tmp/goal-assessment/src-v0.60.0-rc.1/fixtures/projects/default-ruby/spec/array_helpers_spec.rb,7,0,35
Markdown,tmp/goal-assessment/src-v0.60.0-rc.1/docs/goal/tx_score_card.md,12,0,34
Markdown,tmp/goal-assessment/src-v0.60.0-rc.1/docs/development/contributing.md,12,0,33
Ruby,tmp/goal-assessment/src-v0.60.0-rc.1/fixtures/projects/default-ruby/spec/example_scenarios_spec.rb,8,0,33
Ruby,tmp/goal-assessment/src-v0.60.0-rc.1/fixtures/projects/default-ruby/spec/failing_examples_spec.rb,8,0,33
Ruby,tmp/goal-assessment/src-v0.60.0-rc.1/fixtures/projects/default-ruby/spec/string_utils_spec.rb,7,0,33
Ruby,tmp/goal-assessment/src-v0.60.0-rc.1/fixtures/projects/failing_specs/spec/expectation_failures_spec.rb,7,0,33
Go,tmp/goal-assessment/src-v0.60.0-rc.1/internal/testruntime/run_kind_test.go,5,0,33
Ruby,tmp/goal-assessment/src-v0.60.0-rc.1/lib/plur/changelog.rb,9,0,32
Ruby,tmp/goal-assessment/src-v0.60.0-rc.1/fixtures/projects/failing_specs/spec/mixed_results_spec.rb,7,0,31
Ruby,tmp/goal-assessment/src-v0.60.0-rc.1/fixtures/projects/minitest-success/test/string_helper_test.rb,6,0,31
Ruby,tmp/goal-assessment/src-v0.60.0-rc.1/spec/integration/spec/colorized_output_spec.rb,9,5,31
Ruby,tmp/goal-assessment/src-v0.60.0-rc.1/spec/plur/docker_install_spec.rb,6,5,31
Ruby,tmp/goal-assessment/src-v0.60.0-rc.1/spec/support/capture_helper.rb,3,2,31
Markdown,tmp/goal-assessment/src-v0.60.0-rc.1/docs/development/testing.md,14,0,30
Dockerfile,tmp/goal-assessment/src-v0.60.0-rc.1/fixtures/projects/default-rails/Dockerfile,19,20,30
Ruby,tmp/goal-assessment/src-v0.60.0-rc.1/fixtures/projects/default-rails/spec/models/post_spec.rb,6,0,30
Ruby,tmp/goal-assessment/src-v0.60.0-rc.1/fixtures/projects/default-ruby/spec/models/user_spec.rb,7,0,29
Ruby,tmp/goal-assessment/src-v0.60.0-rc.1/fixtures/projects/default-ruby/spec/services/email_service_spec.rb,6,1,29
Ruby,tmp/goal-assessment/src-v0.60.0-rc.1/fixtures/projects/default-ruby/spec/date_formatter_spec.rb,5,0,27
Ruby,tmp/goal-assessment/src-v0.60.0-rc.1/spec/integration/watch/watch_install_spec.rb,6,0,27
Ruby,tmp/goal-assessment/src-v0.60.0-rc.1/spec/plur/config_spec.rb,6,1,27
Go,tmp/goal-assessment/src-v0.60.0-rc.1/watch_messages.go,6,0,27
Bourne Shell,tmp/goal-assessment/src-v0.60.0-rc.1/.buildkite/scripts/integration.sh,8,1,26
Bourne Shell,tmp/goal-assessment/src-v0.60.0-rc.1/.buildkite/scripts/mise-setup.sh,6,1,26
Go,tmp/goal-assessment/src-v0.60.0-rc.1/dependencies.go,8,3,26
YAML,tmp/goal-assessment/src-v0.60.0-rc.1/fixtures/backspin/rspec_args_passthrough_formatter_dry_run.yml,0,0,26
Ruby,tmp/goal-assessment/src-v0.60.0-rc.1/fixtures/projects/default-ruby/spec/calculator_spec.rb,6,3,26
Ruby,tmp/goal-assessment/src-v0.60.0-rc.1/fixtures/projects/minitest-reporters/test/string_helper_test.rb,6,0,26
Go,tmp/goal-assessment/src-v0.60.0-rc.1/framework/passthrough/parser.go,9,11,26
Go,tmp/goal-assessment/src-v0.60.0-rc.1/watch/event_admission.go,7,0,26
TOML,tmp/goal-assessment/src-v0.60.0-rc.1/.plur.toml,6,2,25
Go,tmp/goal-assessment/src-v0.60.0-rc.1/dry_run_plan.go,4,0,25
YAML,tmp/goal-assessment/src-v0.60.0-rc.1/fixtures/backspin/turbo_tests_tag_filtering_dry_run.yml,0,0,25
Bourne Again Shell,tmp/goal-assessment/src-v0.60.0-rc.1/script/setup-bench-data,7,4,25
Go,tmp/goal-assessment/src-v0.60.0-rc.1/watch_find_test.go,7,0,25
Go,tmp/goal-assessment/src-v0.60.0-rc.1/watch_messages_test.go,4,0,25
JSON,tmp/goal-assessment/src-v0.60.0-rc.1/fixtures/projects/default-rails/.devcontainer/devcontainer.json,7,0,24
Markdown,tmp/goal-assessment/src-v0.60.0-rc.1/fixtures/projects/mixed-rspec-minitest/README.md,12,0,24
Ruby,tmp/goal-assessment/src-v0.60.0-rc.1/lib/tasks/toolchain.rake,4,0,24
Go,tmp/goal-assessment/src-v0.60.0-rc.1/framework/rspec/failure_list.go,5,2,23
ERB,tmp/goal-assessment/src-v0.60.0-rc.1/fixtures/projects/default-rails/app/views/pwa/manifest.json.erb,0,0,22
Ruby,tmp/goal-assessment/src-v0.60.0-rc.1/spec/integration/watch/watch_find_live_parity_spec.rb,5,0,22
Bourne Shell,tmp/goal-assessment/src-v0.60.0-rc.1/.buildkite/scripts/goreleaser.sh,6,1,21
YAML,tmp/goal-assessment/src-v0.60.0-rc.1/fixtures/backspin/rspec_verify_mode_demo.yml,0,0,21
YAML,tmp/goal-assessment/src-v0.60.0-rc.1/fixtures/backspin/rspec_vs_plur_backtrace_comparison.yml,0,0,21
YAML,tmp/goal-assessment/src-v0.60.0-rc.1/fixtures/backspin/rspec_vs_plur_colorized_comparison.yml,0,0,21
Ruby,tmp/goal-assessment/src-v0.60.0-rc.1/fixtures/projects/default-rails/config/environments/development.rb,15,18,21
Ruby,tmp/goal-assessment/src-v0.60.0-rc.1/fixtures/projects/default-ruby/lib/counter.rb,6,0,21
Ruby,tmp/goal-assessment/src-v0.60.0-rc.1/fixtures/projects/failing_specs/spec/error_failures_spec.rb,4,0,21
Ruby,tmp/goal-assessment/src-v0.60.0-rc.1/spec/integration/watch/watch_run_flags_spec.rb,2,0,21
Ruby,tmp/goal-assessment/src-v0.60.0-rc.1/spec/support/tty_command_separated_printer.rb,5,5,21
Markdown,tmp/goal-assessment/src-v0.60.0-rc.1/docs/goal/cli_inventory.md,3,0,20
YAML,tmp/goal-assessment/src-v0.60.0-rc.1/fixtures/backspin/framework_output_fast_job_dry_run.yml,0,0,20
Ruby,tmp/goal-assessment/src-v0.60.0-rc.1/fixtures/projects/rspec-success-simple/spec/generated_examples_spec.rb,5,0,20
Go,tmp/goal-assessment/src-v0.60.0-rc.1/framework/rspec/formatter.go,6,5,20
YAML,tmp/goal-assessment/src-v0.60.0-rc.1/fixtures/backspin/minitest_grouped_ruby_command_output.yml,4,1,19
ERB,tmp/goal-assessment/src-v0.60.0-rc.1/fixtures/projects/default-rails/app/views/layouts/application.html.erb,5,3,19
Ruby,tmp/goal-assessment/src-v0.60.0-rc.1/fixtures/projects/default-rails/bin/setup,8,7,19
Ruby,tmp/goal-assessment/src-v0.60.0-rc.1/spec/docs/configuration_target_doc_spec.rb,2,0,19
YAML,tmp/goal-assessment/src-v0.60.0-rc.1/fixtures/backspin/change_dir_nonexistent_error.yml,1,0,18
YAML,tmp/goal-assessment/src-v0.60.0-rc.1/fixtures/projects/default-rails/.devcontainer/compose.yaml,8,5,18
Ruby,tmp/goal-assessment/src-v0.60.0-rc.1/fixtures/projects/default-rails/config/environments/production.rb,19,30,18
Ruby,tmp/goal-assessment/src-v0.60.0-rc.1/fixtures/projects/default-ruby/lib/array_helpers.rb,4,0,18
Ruby,tmp/goal-assessment/src-v0.60.0-rc.1/fixtures/projects/default-ruby/spec/plur_ruby_spec.rb,3,0,18
Ruby,tmp/goal-assessment/src-v0.60.0-rc.1/spec/integration/watch/watch_dry_run_spec.rb,2,0,18
Markdown,tmp/goal-assessment/src-v0.60.0-rc.1/docs/index.md,9,0,17
Ruby,tmp/goal-assessment/src-v0.60.0-rc.1/fixtures/projects/default-rails/db/schema.rb,3,11,17
Ruby,tmp/goal-assessment/src-v0.60.0-rc.1/fixtures/projects/default-rails/spec/rails_helper.rb,6,49,17
Ruby,tmp/goal-assessment/src-v0.60.0-rc.1/lib/plur/config.rb,5,2,17
Go,tmp/goal-assessment/src-v0.60.0-rc.1/internal/fsutil/fsutil.go,3,2,16
YAML,tmp/goal-assessment/src-v0.60.0-rc.1/fixtures/backspin/change_dir_missing_argument_error.yml,1,0,15
Ruby,tmp/goal-assessment/src-v0.60.0-rc.1/fixtures/projects/default-rails/config/application.rb,6,21,15
Ruby,tmp/goal-assessment/src-v0.60.0-rc.1/fixtures/projects/default-ruby/lib/date_formatter.rb,4,0,15
Ruby,tmp/goal-assessment/src-v0.60.0-rc.1/fixtures/projects/default-ruby/lib/string_utils.rb,5,9,15
Ruby,tmp/goal-assessment/src-v0.60.0-rc.1/fixtures/projects/minitest-reporters/test/deprecation_test.rb,3,1,15
Ruby,tmp/goal-assessment/src-v0.60.0-rc.1/fixtures/projects/rspec-success-simple/spec/spec_helper.rb,3,0,15
TOML,tmp/goal-assessment/src-v0.60.0-rc.1/pyproject.toml,0,0,15
Bourne Shell,tmp/goal-assessment/src-v0.60.0-rc.1/.buildkite/scripts/build-and-test-go.sh,5,1,14
Ruby,tmp/goal-assessment/src-v0.60.0-rc.1/bin/rake,6,7,14
Ruby,tmp/goal-assessment/src-v0.60.0-rc.1/bin/rspec,6,7,14
Markdown,tmp/goal-assessment/src-v0.60.0-rc.1/fixtures/projects/config-test/README.md,3,0,14
Ruby,tmp/goal-assessment/src-v0.60.0-rc.1/fixtures/projects/default-ruby/lib/validator.rb,5,9,14
Ruby,tmp/goal-assessment/src-v0.60.0-rc.1/fixtures/projects/rspec-mismatched-dirs/spec/spec_helper.rb,2,0,14
Ruby,tmp/goal-assessment/src-v0.60.0-rc.1/gemfiles/rspec_3.13.1.gemfile,2,1,14
Ruby,tmp/goal-assessment/src-v0.60.0-rc.1/gemfiles/rspec_3.13.2.gemfile,2,1,14
CSS,tmp/goal-assessment/src-v0.60.0-rc.1/docs/stylesheets/extra.css,2,3,13
Ruby,tmp/goal-assessment/src-v0.60.0-rc.1/fixtures/projects/database-tasks/lib/tasks/multi_db_different_errors.rake,0,0,13
Markdown,tmp/goal-assessment/src-v0.60.0-rc.1/fixtures/projects/default-rails/README.md,11,0,13
Go,tmp/goal-assessment/src-v0.60.0-rc.1/framework/adapter_subpackages_test.go,3,0,13
Go,tmp/goal-assessment/src-v0.60.0-rc.1/cmd/version.go,4,0,12
TOML,tmp/goal-assessment/src-v0.60.0-rc.1/fixtures/projects/config-test/with-tasks.toml,3,2,12
YAML,tmp/goal-assessment/src-v0.60.0-rc.1/fixtures/projects/default-rails/config/database.yml,4,16,12
Ruby,tmp/goal-assessment/src-v0.60.0-rc.1/fixtures/projects/default-ruby/lib/calculator.rb,2,5,12
Ruby,tmp/goal-assessment/src-v0.60.0-rc.1/fixtures/projects/default-ruby/spec/spec_helper.rb,4,0,12
Ruby,tmp/goal-assessment/src-v0.60.0-rc.1/fixtures/projects/mixed-rspec-minitest/test/example_test.rb,3,0,12
TOML,tmp/goal-assessment/src-v0.60.0-rc.1/.mise.toml,2,3,11
Ruby,tmp/goal-assessment/src-v0.60.0-rc.1/fixtures/projects/default-rails/config/environments/test.rb,11,20,11
Ruby,tmp/goal-assessment/src-v0.60.0-rc.1/fixtures/projects/default-ruby/lib/plur_ruby.rb,2,0,11
Ruby,tmp/goal-assessment/src-v0.60.0-rc.1/fixtures/projects/mixed-rspec-minitest/spec/example_spec.rb,2,0,11
Markdown,tmp/goal-assessment/src-v0.60.0-rc.1/fixtures/projects/rspec-success-simple/README.md,7,0,11
Ruby,tmp/goal-assessment/src-v0.60.0-rc.1/fixtures/projects/rspec-success-simple/spec/shared_example_consumers_spec.rb,2,0,11
Go,tmp/goal-assessment/src-v0.60.0-rc.1/internal/runtime/defaults_test.go,3,0,11
JSON,tmp/goal-assessment/src-v0.60.0-rc.1/skills-lock.json,0,0,11
Markdown,tmp/goal-assessment/src-v0.60.0-rc.1/docs/overview/index.md,3,0,10
Ruby,tmp/goal-assessment/src-v0.60.0-rc.1/fixtures/projects/default-rails/db/migrate/20250522091534_create_posts.rb,1,0,10
Ruby,tmp/goal-assessment/src-v0.60.0-rc.1/lib/plur.rb,5,3,10
Markdown,tmp/goal-assessment/src-v0.60.0-rc.1/docs/wip/index.md,5,0,9
TOML,tmp/goal-assessment/src-v0.60.0-rc.1/fixtures/projects/config-test/command-specific.toml,2,1,9
Bourne Again Shell,tmp/goal-assessment/src-v0.60.0-rc.1/fixtures/projects/default-rails/bin/docker-entrypoint,3,2,9
Ruby,tmp/goal-assessment/src-v0.60.0-rc.1/fixtures/projects/default-rails/db/migrate/20250522091529_create_users.rb,1,0,9
Ruby,tmp/goal-assessment/src-v0.60.0-rc.1/fixtures/projects/default-rails/spec/spec_helper.rb,3,80,9
Ruby,tmp/goal-assessment/src-v0.60.0-rc.1/fixtures/projects/default-ruby/spec/models/system_spec.rb,2,0,9
Go,tmp/goal-assessment/src-v0.60.0-rc.1/types/parser.go,1,9,9
Ruby,tmp/goal-assessment/src-v0.60.0-rc.1/fixtures/projects/config-test/spec/another_spec.rb,1,0,8
Ruby,tmp/goal-assessment/src-v0.60.0-rc.1/fixtures/projects/database-tasks/Rakefile,1,0,8
YAML,tmp/goal-assessment/src-v0.60.0-rc.1/fixtures/projects/default-rails/config/cable.yml,2,0,8
Ruby,tmp/goal-assessment/src-v0.60.0-rc.1/fixtures/projects/default-ruby/spec/env_test_spec.rb,1,2,8
Ruby,tmp/goal-assessment/src-v0.60.0-rc.1/fixtures/projects/rspec-errors/spec/exception_spec.rb,1,1,8
Ruby,tmp/goal-assessment/src-v0.60.0-rc.1/fixtures/projects/rspec-errors/spec/passing_spec.rb,1,1,8
Ruby,tmp/goal-assessment/src-v0.60.0-rc.1/fixtures/projects/rspec-errors/spec/test_failure_spec.rb,1,1,8
Ruby,tmp/goal-assessment/src-v0.60.0-rc.1/fixtures/projects/rspec-success-simple/spec/support/shared_examples/arithmetic_examples.rb,1,0,8
Bourne Again Shell,tmp/goal-assessment/src-v0.60.0-rc.1/script/spec,3,4,8
Ruby,tmp/goal-assessment/src-v0.60.0-rc.1/spec/docs/watch_mode_doc_spec.rb,2,0,8
YAML,tmp/goal-assessment/src-v0.60.0-rc.1/.agents/skills/autoresearch/agents/openai.yaml,1,0,7
TOML,tmp/goal-assessment/src-v0.60.0-rc.1/fixtures/projects/config-test/doctor-test.toml,1,0,7
TOML,tmp/goal-assessment/src-v0.60.0-rc.1/fixtures/projects/config-test/runner-jobs.toml,3,1,7
Ruby,tmp/goal-assessment/src-v0.60.0-rc.1/fixtures/projects/database-tasks/lib/tasks/multi_db_connection_error.rake,0,0,7
Ruby,tmp/goal-assessment/src-v0.60.0-rc.1/fixtures/projects/default-rails/spec/factories/posts.rb,0,0,7
Ruby,tmp/goal-assessment/src-v0.60.0-rc.1/fixtures/projects/failing_specs/spec/single_failure_spec.rb,1,0,7
Ruby,tmp/goal-assessment/src-v0.60.0-rc.1/fixtures/projects/rspec-mismatched-dirs/lib/example/processor.rb,0,0,7
Ruby,tmp/goal-assessment/src-v0.60.0-rc.1/fixtures/projects/rspec-mismatched-dirs/lib/example/runner.rb,0,0,7
Ruby,tmp/goal-assessment/src-v0.60.0-rc.1/fixtures/projects/watch-find-test/lib/utils/formatter.rb,0,1,7
Ruby,tmp/goal-assessment/src-v0.60.0-rc.1/lib/tasks/vulncheck.rake,0,0,7
Markdown,tmp/goal-assessment/src-v0.60.0-rc.1/docs/architecture/index.md,3,0,6
Markdown,tmp/goal-assessment/src-v0.60.0-rc.1/docs/development/index.md,3,0,6
Markdown,tmp/goal-assessment/src-v0.60.0-rc.1/docs/features/index.md,3,0,6
Ruby,tmp/goal-assessment/src-v0.60.0-rc.1/fixtures/projects/default-rails/spec/factories/users.rb,0,0,6
Ruby,tmp/goal-assessment/src-v0.60.0-rc.1/fixtures/projects/rspec-errors/spec/calculator_spec.rb,1,1,6
Ruby,tmp/goal-assessment/src-v0.60.0-rc.1/fixtures/projects/rspec-errors/spec/load_error_spec.rb,1,1,6
Ruby,tmp/goal-assessment/src-v0.60.0-rc.1/fixtures/projects/rspec-mismatched-dirs/spec/example_spec.rb,1,0,6
Ruby,tmp/goal-assessment/src-v0.60.0-rc.1/fixtures/projects/rspec-mismatched-dirs/spec/lib/example/processor_spec.rb,1,0,6
Ruby,tmp/goal-assessment/src-v0.60.0-rc.1/fixtures/projects/rspec-mismatched-dirs/spec/lib/example/runner_spec.rb,1,0,6
Ruby,tmp/goal-assessment/src-v0.60.0-rc.1/fixtures/projects/watch-find-test/spec/lib/misaligned_mapper_spec.rb,1,0,6
Ruby,tmp/goal-assessment/src-v0.60.0-rc.1/fixtures/projects/watch-find-test/spec/lib/utils/formatter_spec.rb,1,0,6
Ruby,tmp/goal-assessment/src-v0.60.0-rc.1/fixtures/projects/watch-find-test/spec/services/payment_processor_spec.rb,1,0,6
Ruby,tmp/goal-assessment/src-v0.60.0-rc.1/fixtures/projects/watch-find-test/spec/standard_mapper_spec.rb,1,0,6
Go,tmp/goal-assessment/src-v0.60.0-rc.1/rails_init.go,3,0,6
Bourne Shell,tmp/goal-assessment/src-v0.60.0-rc.1/.buildkite/scripts/race.sh,2,1,5
YAML,tmp/goal-assessment/src-v0.60.0-rc.1/.standard.yml,0,0,5
Markdown,tmp/goal-assessment/src-v0.60.0-rc.1/docs/goal-assessment/README.md,4,0,5
Ruby,tmp/goal-assessment/src-v0.60.0-rc.1/fixtures/projects/config-test/spec/simple_spec.rb,0,0,5
Ruby,tmp/goal-assessment/src-v0.60.0-rc.1/fixtures/projects/database-tasks/lib/tasks/multi_db_duplicate_errors.rake,0,1,5
Ruby,tmp/goal-assessment/src-v0.60.0-rc.1/fixtures/projects/default-rails/app/models/post.rb,0,0,5
Ruby,tmp/goal-assessment/src-v0.60.0-rc.1/fixtures/projects/default-rails/app/models/user.rb,0,0,5
Ruby,tmp/goal-assessment/src-v0.60.0-rc.1/fixtures/projects/default-rails/bin/brakeman,2,0,5
Ruby,tmp/goal-assessment/src-v0.60.0-rc.1/fixtures/projects/default-rails/config/puma.rb,3,30,5
Ruby,tmp/goal-assessment/src-v0.60.0-rc.1/fixtures/projects/empty_json/test_spec.rb,0,0,5
Ruby,tmp/goal-assessment/src-v0.60.0-rc.1/fixtures/projects/rspec-errors/lib/calculator.rb,0,2,5
Ruby,tmp/goal-assessment/src-v0.60.0-rc.1/fixtures/projects/rspec-errors/spec/syntax_error_spec.rb,0,2,5
Ruby,tmp/goal-assessment/src-v0.60.0-rc.1/fixtures/projects/rspec-mismatched-dirs/lib/example.rb,0,0,5
Ruby,tmp/goal-assessment/src-v0.60.0-rc.1/fixtures/projects/rspec-success-simple/spec/simple_spec.rb,0,0,5
Ruby,tmp/goal-assessment/src-v0.60.0-rc.1/fixtures/projects/watch-find-test/app/services/payment_processor.rb,0,1,5
Ruby,tmp/goal-assessment/src-v0.60.0-rc.1/fixtures/projects/watch-find-test/lib/misaligned_mapper.rb,0,1,5
Ruby,tmp/goal-assessment/src-v0.60.0-rc.1/fixtures/projects/watch-find-test/lib/no_spec_file.rb,0,1,5
Ruby,tmp/goal-assessment/src-v0.60.0-rc.1/fixtures/projects/watch-find-test/lib/standard_mapper.rb,0,1,5
Ruby,tmp/goal-assessment/src-v0.60.0-rc.1/fixtures/projects/watch-find-test/spec/spec_helper.rb,0,1,5
TOML,tmp/goal-assessment/src-v0.60.0-rc.1/fixtures/projects/config-test/job-without-use.toml,1,2,4
TOML,tmp/goal-assessment/src-v0.60.0-rc.1/fixtures/projects/config-test/minitest.toml,1,0,4
Ruby,tmp/goal-assessment/src-v0.60.0-rc.1/fixtures/projects/default-rails/bin/rails,0,0,4
Ruby,tmp/goal-assessment/src-v0.60.0-rc.1/fixtures/projects/default-rails/bin/rake,0,0,4
Ruby,tmp/goal-assessment/src-v0.60.0-rc.1/fixtures/projects/default-rails/bin/thrust,1,0,4
TOML,tmp/goal-assessment/src-v0.60.0-rc.1/fixtures/projects/config-test/valid.toml,0,1,3
Ruby,tmp/goal-assessment/src-v0.60.0-rc.1/fixtures/projects/default-rails/app/controllers/application_controller.rb,0,1,3
Ruby,tmp/goal-assessment/src-v0.60.0-rc.1/fixtures/projects/default-rails/app/models/application_record.rb,0,0,3
Ruby,tmp/goal-assessment/src-v0.60.0-rc.1/fixtures/projects/default-rails/config.ru,2,1,3
Ruby,tmp/goal-assessment/src-v0.60.0-rc.1/fixtures/projects/default-rails/config/initializers/filter_parameter_logging.rb,1,4,3
Ruby,tmp/goal-assessment/src-v0.60.0-rc.1/fixtures/projects/default-rails/config/routes.rb,3,8,3
SVG,tmp/goal-assessment/src-v0.60.0-rc.1/fixtures/projects/default-rails/public/icon.svg,0,0,3
Ruby,tmp/goal-assessment/src-v0.60.0-rc.1/fixtures/projects/minitest-reporters/test/test_helper.rb,1,1,3
Ruby,tmp/goal-assessment/src-v0.60.0-rc.1/fixtures/projects/watch-find-test/config/routes.rb,0,1,3
TOML,tmp/goal-assessment/src-v0.60.0-rc.1/fixtures/projects/config-test/type-mismatch.toml,0,1,2
Dockerfile,tmp/goal-assessment/src-v0.60.0-rc.1/fixtures/projects/default-rails/.devcontainer/Dockerfile,0,1,2
Ruby,tmp/goal-assessment/src-v0.60.0-rc.1/fixtures/projects/default-rails/Rakefile,2,2,2
Ruby,tmp/goal-assessment/src-v0.60.0-rc.1/fixtures/projects/default-rails/app/helpers/application_helper.rb,0,0,2
Ruby,tmp/goal-assessment/src-v0.60.0-rc.1/fixtures/projects/default-rails/bin/dev,0,0,2
Ruby,tmp/goal-assessment/src-v0.60.0-rc.1/fixtures/projects/default-rails/config/boot.rb,1,0,2
Ruby,tmp/goal-assessment/src-v0.60.0-rc.1/fixtures/projects/default-rails/config/environment.rb,1,2,2
YAML,tmp/goal-assessment/src-v0.60.0-rc.1/fixtures/projects/default-rails/config/locales/en.yml,1,28,2
Bourne Again Shell,tmp/goal-assessment/src-v0.60.0-rc.1/fixtures/projects/empty_json/rspec,0,1,2
Go,tmp/goal-assessment/src-v0.60.0-rc.1/internal/buildinfo/race_disabled.go,2,1,2
Go,tmp/goal-assessment/src-v0.60.0-rc.1/internal/buildinfo/race_enabled.go,2,1,2
YAML,tmp/goal-assessment/src-v0.60.0-rc.1/.bk.yaml,0,0,1
TOML,tmp/goal-assessment/src-v0.60.0-rc.1/fixtures/projects/config-test/invalid-syntax.toml,0,1,1
Text,tmp/goal-assessment/src-v0.60.0-rc.1/fixtures/projects/default-rails/public/robots.txt,0,0,1
Ruby,tmp/goal-assessment/src-v0.60.0-rc.1/fixtures/projects/default-ruby/lib/models/temp_model.rb,0,0,1
Ruby,tmp/goal-assessment/src-v0.60.0-rc.1/fixtures/projects/default-ruby/test-global-config/spec/test_spec.rb,0,0,1
TOML,tmp/goal-assessment/src-v0.60.0-rc.1/fixtures/projects/minitest-success/.rux.toml,0,0,1
TOML,tmp/goal-assessment/src-v0.60.0-rc.1/fixtures/projects/config-test/comments-only.toml,0,3,0
CSS,tmp/goal-assessment/src-v0.60.0-rc.1/fixtures/projects/default-rails/app/assets/stylesheets/application.css,0,1,0
JavaScript,tmp/goal-assessment/src-v0.60.0-rc.1/fixtures/projects/default-rails/app/views/pwa/service-worker.js,0,26,0
Ruby,tmp/goal-assessment/src-v0.60.0-rc.1/fixtures/projects/default-rails/config/initializers/content_security_policy.rb,2,23,0
Ruby,tmp/goal-assessment/src-v0.60.0-rc.1/fixtures/projects/default-rails/config/initializers/inflections.rb,2,14,0
Ruby,tmp/goal-assessment/src-v0.60.0-rc.1/fixtures/projects/default-rails/db/seeds.rb,0,9,0
TOML,tmp/goal-assessment/src-v0.60.0-rc.1/fixtures/projects/default-ruby/.plur.toml,0,3,0
SUM,,10266,2439,43501
